Grade,Category,Title,Description
SDE1,manager,Software Development Engineer I,We are seeking a talented Software Development Engineer to join our team. The ideal candidate should have strong programming skills and be able to contribute to the development of our software products.
SDE2,engineering,Software Development Engineer II,We are looking for a highly skilled Software Development Engineer to work on complex software solutions. The candidate should have a deep understanding of software engineering principles and be able to design and implement scalable applications.
entry/intern,customer success/support,Entry Level Customer Success Associate,We are hiring an Entry Level Customer Success Associate to assist our customers with product onboarding and provide technical support. This is a great opportunity for recent graduates looking to gain experience in customer success.
manager,HR,HR Manager,"As an HR Manager, you will be responsible for overseeing all aspects of human resources within our organization. This includes recruitment, employee relations, performance management, and compliance."
sales,Consultant (associate or analyst),Sales Consultant,Join our team as a Sales Consultant and help drive revenue growth. The ideal candidate should have excellent communication skills and a strong sales background.
customer support,manager,Customer Support Manager,We are seeking a Customer Support Manager to lead our support team and ensure customer satisfaction. The candidate should have experience in managing a customer support department.
HR,engineering,HR Engineering Specialist,"As an HR Engineering Specialist, you will be responsible for developing and implementing HR systems and processes. The ideal candidate should have a strong technical background and experience in HR systems."
associate,Consultant (associate or analyst),Associate Consultant,Join our consulting team as an Associate Consultant and assist in delivering high-quality solutions to our clients. This role requires strong analytical and problem-solving skills.
analyst,manager,Business Analyst Manager,"As a Business Analyst Manager, you will lead a team of analysts and work closely with stakeholders to gather and analyze business requirements. The candidate should have strong analytical and leadership skills."
SDE1,manager,Software Development Engineer I,We are seeking a talented Software Development Engineer to join our team. The ideal candidate should have strong programming skills and be able to contribute to the development of our software products.
SDE2,engineering,Software Development Engineer II,We are looking for a highly skilled Software Development Engineer to work on complex software solutions. The candidate should have a deep understanding of software engineering principles and be able to design and implement scalable applications.
entry/intern,customer success/support,Entry Level Customer Success Associate,We are hiring an Entry Level Customer Success Associate to assist our customers with product onboarding and provide technical support. This is a great opportunity for recent graduates looking to gain experience in customer success.
manager,HR,HR Manager,"As an HR Manager, you will be responsible for overseeing all aspects of human resources within our organization. This includes recruitment, employee relations, performance management, and compliance."
sales,Consultant (associate or analyst),Sales Consultant,Join our team as a Sales Consultant and help drive revenue growth. The ideal candidate should have excellent communication skills and a strong sales background.
customer support,manager,Customer Support Manager,We are seeking a Customer Support Manager to lead our support team and ensure customer satisfaction. The candidate should have experience in managing a customer support department.
HR,engineering,HR Engineering Specialist,"As an HR Engineering Specialist, you will be responsible for developing and implementing HR systems and processes. The ideal candidate should have a strong technical background and experience in HR systems."
associate,Consultant (associate or analyst),Associate Consultant,Join our consulting team as an Associate Consultant and assist in delivering high-quality solutions to our clients. This role requires strong analytical and problem-solving skills.
analyst,manager,Business Analyst Manager,"As a Business Analyst Manager, you will lead a team of analysts and work closely with stakeholders to gather and analyze business requirements. The candidate should have strong analytical and leadership skills."
SDE1,manager,Software Development Engineer I,We are seeking a talented Software Development Engineer to join our team. The ideal candidate should have strong programming skills and be able to contribute to the development of our software products.
SDE2,engineering,Software Development Engineer II,We are looking for a highly skilled Software Development Engineer to work on complex software solutions. The candidate should have a deep understanding of software engineering principles and be able to design and implement scalable applications.
entry/intern,customer success/support,Entry Level Customer Success Associate,We are hiring an Entry Level Customer Success Associate to assist our customers with product onboarding and provide technical support. This is a great opportunity for recent graduates looking to gain experience in customer success.
manager,HR,HR Manager,"As an HR Manager, you will be responsible for overseeing all aspects of human resources within our organization. This includes recruitment, employee relations, performance management, and compliance."
sales,Consultant (associate or analyst),Sales Consultant,Join our team as a Sales Consultant and help drive revenue growth. The ideal candidate should have excellent communication skills and a strong sales background.
customer support,manager,Customer Support Manager,We are seeking a Customer Support Manager to lead our support team and ensure customer satisfaction. The candidate should have experience in managing a customer support department.
HR,engineering,HR Engineering Specialist,"As an HR Engineering Specialist, you will be responsible for developing and implementing HR systems and processes. The ideal candidate should have a strong technical background and experience in HR systems."
associate,Consultant (associate or analyst),Associate Consultant,Join our consulting team as an Associate Consultant and assist in delivering high-quality solutions to our clients. This role requires strong analytical and problem-solving skills.
analyst,manager,Business Analyst Manager,"As a Business Analyst Manager, you will lead a team of analysts and work closely with stakeholders to gather and analyze business requirements. The candidate should have strong analytical and leadership skills."
SDE1,manager,Software Development Engineer I,We are seeking a talented Software Development Engineer to join our team. The ideal candidate should have strong programming skills and be able to contribute to the development of our software products.
SDE2,engineering,Software Development Engineer II,We are looking for a highly skilled Software Development Engineer to work on complex software solutions. The candidate should have a deep understanding of software engineering principles and be able to design and implement scalable applications.
entry/intern,customer success/support,Entry Level Customer Success Associate,We are hiring an Entry Level Customer Success Associate to assist our customers with product onboarding and provide technical support. This is a great opportunity for recent graduates looking to gain experience in customer success.
manager,HR,HR Manager,"As an HR Manager, you will be responsible for overseeing all aspects of human resources within our organization. This includes recruitment, employee relations, performance management, and compliance."
sales,Consultant (associate or analyst),Sales Consultant,Join our team as a Sales Consultant and help drive revenue growth. The ideal candidate should have excellent communication skills and a strong sales background.
customer support,manager,Customer Support Manager,We are seeking a Customer Support Manager to lead our support team and ensure customer satisfaction. The candidate should have experience in managing a customer support department.
HR,engineering,HR Engineering Specialist,"As an HR Engineering Specialist, you will be responsible for developing and implementing HR systems and processes. The ideal candidate should have a strong technical background and experience in HR systems."
associate,Consultant (associate or analyst),Associate Consultant,Join our consulting team as an Associate Consultant and assist in delivering high-quality solutions to our clients. This role requires strong analytical and problem-solving skills.
analyst,manager,Business Analyst Manager,"As a Business Analyst Manager, you will lead a team of analysts and work closely with stakeholders to gather and analyze business requirements. The candidate should have strong analytical and leadership skills."
SDE1,manager,Software Development Engineer I,We are seeking a talented Software Development Engineer to join our team. The ideal candidate should have strong programming skills and be able to contribute to the development of our software products.
SDE2,engineering,Software Development Engineer II,We are looking for a highly skilled Software Development Engineer to work on complex software solutions. The candidate should have a deep understanding of software engineering principles and be able to design and implement scalable applications.
entry/intern,customer success/support,Entry Level Customer Success Associate,We are hiring an Entry Level Customer Success Associate to assist our customers with product onboarding and provide technical support. This is a great opportunity for recent graduates looking to gain experience in customer success.
manager,HR,HR Manager,"As an HR Manager, you will be responsible for overseeing all aspects of human resources within our organization. This includes recruitment, employee relations, performance management, and compliance."
sales,Consultant (associate or analyst),Sales Consultant,Join our team as a Sales Consultant and help drive revenue growth. The ideal candidate should have excellent communication skills and a strong sales background.
customer support,manager,Customer Support Manager,We are seeking a Customer Support Manager to lead our support team and ensure customer satisfaction. The candidate should have experience in managing a customer support department.
HR,engineering,HR Engineering Specialist,"As an HR Engineering Specialist, you will be responsible for developing and implementing HR systems and processes. The ideal candidate should have a strong technical background and experience in HR systems."
associate,Consultant (associate or analyst),Associate Consultant,Join our consulting team as an Associate Consultant and assist in delivering high-quality solutions to our clients. This role requires strong analytical and problem-solving skills.
analyst,manager,Business Analyst Manager,"As a Business Analyst Manager, you will lead a team of analysts and work closely with stakeholders to gather and analyze business requirements. The candidate should have strong analytical and leadership skills."
SDE1,manager,Software Development Engineer I,We are seeking a talented Software Development Engineer to join our team. The ideal candidate should have strong programming skills and be able to contribute to the development of our software products.
SDE2,engineering,Software Development Engineer II,We are looking for a highly skilled Software Development Engineer to work on complex software solutions. The candidate should have a deep understanding of software engineering principles and be able to design and implement scalable applications.
entry/intern,customer success/support,Entry Level Customer Success Associate,We are hiring an Entry Level Customer Success Associate to assist our customers with product onboarding and provide technical support. This is a great opportunity for recent graduates looking to gain experience in customer success.
manager,HR,HR Manager,"As an HR Manager, you will be responsible for overseeing all aspects of human resources within our organization. This includes recruitment, employee relations, performance management, and compliance."
sales,Consultant (associate or analyst),Sales Consultant,Join our team as a Sales Consultant and help drive revenue growth. The ideal candidate should have excellent communication skills and a strong sales background.
customer support,manager,Customer Support Manager,We are seeking a Customer Support Manager to lead our support team and ensure customer satisfaction. The candidate should have experience in managing a customer support department.
HR,engineering,HR Engineering Specialist,"As an HR Engineering Specialist, you will be responsible for developing and implementing HR systems and processes. The ideal candidate should have a strong technical background and experience in HR systems."
associate,Consultant (associate or analyst),Associate Consultant,Join our consulting team as an Associate Consultant and assist in delivering high-quality solutions to our clients. This role requires strong analytical and problem-solving skills.
analyst,manager,Business Analyst Manager,"As a Business Analyst Manager, you will lead a team of analysts and work closely with stakeholders to gather and analyze business requirements. The candidate should have strong analytical and leadership skills."
SDE1,manager,Software Development Engineer I,We are seeking a talented Software Development Engineer to join our team. The ideal candidate should have strong programming skills and be able to contribute to the development of our software products.
SDE2,engineering,Software Development Engineer II,We are looking for a highly skilled Software Development Engineer to work on complex software solutions. The candidate should have a deep understanding of software engineering principles and be able to design and implement scalable applications.
entry/intern,customer success/support,Entry Level Customer Success Associate,We are hiring an Entry Level Customer Success Associate to assist our customers with product onboarding and provide technical support. This is a great opportunity for recent graduates looking to gain experience in customer success.
manager,HR,HR Manager,"As an HR Manager, you will be responsible for overseeing all aspects of human resources within our organization. This includes recruitment, employee relations, performance management, and compliance."
sales,Consultant (associate or analyst),Sales Consultant,Join our team as a Sales Consultant and help drive revenue growth. The ideal candidate should have excellent communication skills and a strong sales background.
customer support,manager,Customer Support Manager,We are seeking a Customer Support Manager to lead our support team and ensure customer satisfaction. The candidate should have experience in managing a customer support department.
HR,engineering,HR Engineering Specialist,"As an HR Engineering Specialist, you will be responsible for developing and implementing HR systems and processes. The ideal candidate should have a strong technical background and experience in HR systems."
associate,Consultant (associate or analyst),Associate Consultant,Join our consulting team as an Associate Consultant and assist in delivering high-quality solutions to our clients. This role requires strong analytical and problem-solving skills.
analyst,manager,Business Analyst Manager,"As a Business Analyst Manager, you will lead a team of analysts and work closely with stakeholders to gather and analyze business requirements. The candidate should have strong analytical and leadership skills."
